"id_paper","keywords"
1,"NLP"
4,"data management"
5,"data management"
6,"data management"
7,"data management"
8,"data management"
9,"data management"
10,"data modeling"
11,"data modeling"
12,"data management"
13,"data modeling"
14,"data management"
15,"data management"
16,"data management"
17,"data management"
18,"property graph"
19,"property graph"
20,"property graph"
21,"property graph"
22,"mathematical methods"
23,"mathematical methods"
24,"biology"
25,"mathematical methods"
26,"NLP"
27,"mathematical methods"
28,"NLP"
29,"NLP"
30,"NLP"
31,"NLP"
32,"data management"
33,"data querying"
34,"data management"
35,"NLP"
36,"data management"
37,"NLP"
38,"mathematical methods"
39,"data management"
40,"NLP"
41,"NLP"
42,"data processing"
43,"data querying"
44,"AI"
45,"data management"
46,"mathematical methods"
47,"NLP"
48,"mathematical methods"
49,"mathematical methods"
50,"data management"
51,"mathematical methods"
52,"data processing"
53,"data quality"
54,"property graph"
55,"data processing"
56,"biology"
57,"NLP"
58,"NLP"
59,"mathematical methods"
60,"property graph"
61,"data management"
62,"data processing"
63,"NLP"
64,"NLP"
65,"biology"
66,"NLP"
67,"property graph"
68,"data processing"
69,"data processing"
70,"AI"
71,"biology"
72,"AI"
73,"AI"
74,"data processing"
75,"mathematical methods"
76,"NLP"
77,"mathematical methods"
78,"mathematical methods"
79,"data quality"
80,"data storage"
81,"NLP"
82,"data storage"
83,"NLP"
84,"data processing"
85,"property graph"
86,"NLP"
87,"data management"
88,"NLP"
89,"data quality"
90,"NLP"
91,"NLP"
92,"data quality"
93,"biology"
94,"NLP"
95,"data management"
96,"biology"
97,"data processing"
98,"graph processing"
99,"NLP"
100,"data querying"
101,"mathematical methods"
102,"NLP"
103,"data modeling"
104,"mathematical methods"
105,"data processing"
106,"NLP"
107,"NLP"
108,"AI"
109,"property graph"
110,"NLP"
111,"data modeling"
112,"data quality"
113,"data processing"
114,"NLP"
115,"NLP"
116,"indexing"
117,"mathematical methods"
118,"NLP"
119,"NLP"
120,"NLP"
121,"data quality"
122,"NLP"
123,"data querying"
124,"data storage"
125,"data storage"
126,"data querying"
127,"NLP"
128,"indexing"
129,"data processing"
130,"data management"
131,"property graph"
132,"NLP"
133,"NLP"
134,"data management"
135,"mathematical methods"
136,"NLP"
137,"NLP"
138,"data storage"
139,"NLP"
140,"AI"
141,"data processing"
142,"data quality"
143,"NLP"
144,"NLP"
145,"AI"
146,"indexing"
147,"biology"
148,"data modeling"
149,"data modeling"
150,"data processing"
151,"NLP"
152,"NLP"
153,"property graph"
154,"NLP"
155,"AI"
156,"data management"
157,"NLP"
158,"NLP"
159,"data management"
160,"mathematical methods"
161,"mathematical methods"
162,"AI"
163,"NLP"
164,"data processing"
165,"NLP"
166,"NLP"
167,"data management"
168,"NLP"
169,"data processing"
170,"data processing"
171,"data modeling"
172,"NLP"
173,"mathematical methods"
174,"property graph"
175,"property graph"
176,"NLP"
177,"data processing"
178,"data processing"
179,"indexing"
180,"data querying"
181,"mathematical methods"
182,"data processing"
183,"NLP"
184,"data querying"
185,"data storage"
186,"NLP"
187,"mathematical methods"
188,"data processing"
189,"data quality"
190,"data modeling"
191,"graph processing"
192,"NLP"
193,"data management"
194,"mathematical methods"
195,"data processing"
196,"NLP"
197,"data querying"
198,"data processing"
199,"mathematical methods"
200,"data processing"
201,"NLP"
202,"indexing"
203,"data management"
204,"data processing"
205,"property graph"
206,"data quality"
207,"data querying"
208,"NLP"
209,"NLP"
210,"NLP"
211,"graph processing"
212,"data modeling"
213,"data management"
214,"NLP"
215,"NLP"
216,"mathematical methods"
217,"mathematical methods"
218,"NLP"
219,"data modeling"
220,"mathematical methods"
221,"NLP"
222,"data quality"
223,"mathematical methods"
224,"data management"
225,"NLP"
226,"data quality"
227,"property graph"
228,"data modeling"
229,"AI"
230,"data processing"
231,"NLP"
232,"NLP"
233,"data processing"
234,"data management"
235,"data quality"
236,"property graph"
237,"data management"
238,"data storage"
239,"NLP"
240,"biology"
241,"indexing"
242,"data processing"
243,"data processing"
244,"NLP"
245,"graph processing"
246,"data processing"
247,"NLP"
248,"NLP"
249,"property graph"
250,"data modeling"
251,"data quality"
252,"NLP"
253,"NLP"
254,"data modeling"
255,"data querying"
256,"data processing"
257,"AI"
258,"mathematical methods"
259,"indexing"
260,"mathematical methods"
261,"property graph"
262,"data quality"
263,"mathematical methods"
264,"mathematical methods"
265,"mathematical methods"
266,"mathematical methods"
267,"mathematical methods"
268,"mathematical methods"
269,"mathematical methods"
270,"graph processing"
271,"graph processing"
272,"data management"
273,"mathematical methods"
274,"mathematical methods"
275,"data processing"
276,"mathematical methods"
277,"graph processing"
278,"biology"
279,"graph processing"
280,"graph processing"
281,"AI"
282,"mathematical methods"
283,"data processing"
284,"data processing"
285,"data processing"
286,"data processing"
287,"mathematical methods"
288,"mathematical methods"
289,"graph processing"
290,"mathematical methods"
291,"AI"
292,"mathematical methods"
293,"data processing"
294,"data management"
295,"data modeling"
296,"mathematical methods"
297,"mathematical methods"
298,"graph processing"
299,"data processing"
300,"data quality"
301,"mathematical methods"
302,"mathematical methods"
303,"graph processing"
304,"mathematical methods"
305,"data management"
306,"graph processing"
307,"data quality"
308,"property graph"
309,"mathematical methods"
310,"mathematical methods"
311,"mathematical methods"
312,"data modeling"
313,"mathematical methods"
314,"property graph"
315,"mathematical methods"
316,"property graph"
317,"mathematical methods"
318,"mathematical methods"
319,"AI"
320,"data modeling"
321,"data storage"
322,"mathematical methods"
323,"graph processing"
324,"mathematical methods"
325,"mathematical methods"
326,"mathematical methods"
327,"data modeling"
328,"data quality"
329,"property graph"
330,"NLP"
331,"data modeling"
332,"data processing"
333,"graph processing"
334,"mathematical methods"
335,"graph processing"
336,"data processing"
337,"mathematical methods"
338,"graph processing"
339,"mathematical methods"
340,"mathematical methods"
341,"graph processing"
342,"mathematical methods"
343,"mathematical methods"
344,"mathematical methods"
345,"mathematical methods"
346,"graph processing"
347,"property graph"
348,"data quality"
349,"mathematical methods"
350,"mathematical methods"
351,"property graph"
352,"mathematical methods"
353,"graph processing"
354,"mathematical methods"
355,"graph processing"
356,"mathematical methods"
357,"indexing"
358,"mathematical methods"
359,"mathematical methods"
360,"mathematical methods"
361,"data quality"
362,"data processing"
363,"data processing"
364,"data quality"
365,"mathematical methods"
366,"mathematical methods"
367,"graph processing"
368,"data quality"
369,"graph processing"
370,"big data"
371,"mathematical methods"
372,"graph processing"
373,"data processing"
374,"data processing"
375,"graph processing"
376,"mathematical methods"
377,"mathematical methods"
378,"property graph"
379,"data processing"
380,"mathematical methods"
381,"indexing"
382,"data modeling"
383,"property graph"
384,"mathematical methods"
385,"data processing"
386,"data processing"
387,"data modeling"
388,"mathematical methods"
389,"mathematical methods"
390,"mathematical methods"
391,"data storage"
392,"mathematical methods"
393,"data processing"
394,"property graph"
395,"mathematical methods"
396,"data processing"
397,"graph processing"
398,"mathematical methods"
399,"mathematical methods"
400,"mathematical methods"
401,"mathematical methods"
402,"property graph"
403,"data management"
404,"mathematical methods"
405,"AI"
406,"data processing"
407,"mathematical methods"
408,"data processing"
409,"data processing"
410,"data quality"
411,"mathematical methods"
412,"mathematical methods"
413,"data storage"
414,"mathematical methods"
415,"mathematical methods"
416,"data processing"
417,"mathematical methods"
418,"mathematical methods"
419,"indexing"
420,"data processing"
421,"data processing"
422,"mathematical methods"
423,"data management"
424,"data storage"
425,"data processing"
426,"mathematical methods"
427,"data processing"
428,"mathematical methods"
429,"AI"
430,"graph processing"
431,"data quality"
432,"mathematical methods"
433,"mathematical methods"
434,"data storage"
435,"data modeling"
436,"data processing"
437,"mathematical methods"
438,"mathematical methods"
439,"mathematical methods"
440,"data processing"
441,"data processing"
442,"mathematical methods"
443,"mathematical methods"
444,"mathematical methods"
445,"mathematical methods"
446,"data modeling"
447,"mathematical methods"
448,"property graph"
449,"data processing"
450,"graph processing"
451,"mathematical methods"
452,"data processing"
453,"data processing"
454,"mathematical methods"
455,"data quality"
456,"graph processing"
457,"mathematical methods"
458,"data processing"
459,"mathematical methods"
460,"mathematical methods"
461,"data processing"
463,"mathematical methods"
464,"NLP"
465,"mathematical methods"
466,"property graph"
467,"big data"
468,"data processing"
469,"mathematical methods"
470,"data processing"
471,"AI"
472,"property graph"
473,"graph processing"
474,"graph processing"
475,"graph processing"
476,"data management"
477,"data processing"
478,"data processing"
479,"data processing"
480,"data processing"
481,"mathematical methods"
482,"mathematical methods"
483,"data processing"
484,"graph processing"
485,"NLP"
486,"mathematical methods"
487,"property graph"
488,"mathematical methods"
489,"data processing"
490,"graph processing"
491,"property graph"
492,"data processing"
493,"property graph"
494,"data storage"
495,"property graph"
496,"mathematical methods"
497,"graph processing"
498,"data processing"
499,"graph processing"
500,"mathematical methods"
501,"data modeling"
502,"data processing"
503,"mathematical methods"
504,"graph processing"
505,"mathematical methods"
506,"data quality"
507,"mathematical methods"
508,"mathematical methods"
509,"data quality"
510,"mathematical methods"
511,"graph processing"
512,"data quality"
513,"graph processing"
514,"mathematical methods"
515,"indexing"
516,"data quality"
517,"mathematical methods"
518,"data modeling"
519,"data management"
520,"data processing"
521,"data modeling"
522,"property graph"
523,"mathematical methods"
524,"graph processing"
525,"data processing"
526,"data processing"
527,"property graph"
528,"data processing"
529,"graph processing"
530,"mathematical methods"
531,"data processing"
532,"mathematical methods"
533,"indexing"
534,"data management"
535,"mathematical methods"
536,"property graph"
537,"indexing"
538,"data processing"
539,"graph processing"
540,"property graph"
541,"mathematical methods"
542,"data processing"
543,"property graph"
544,"data processing"
545,"indexing"
546,"mathematical methods"
547,"data quality"
548,"mathematical methods"
549,"data modeling"
550,"data processing"
551,"graph processing"
552,"data storage"
553,"indexing"
554,"data processing"
555,"biology"
556,"mathematical methods"
557,"data quality"
558,"mathematical methods"
559,"data querying"
560,"data querying"
561,"data management"
562,"data processing"
563,"AI"
564,"data quality"
565,"graph processing"
566,"mathematical methods"
567,"mathematical methods"
568,"data management"
569,"NLP"
570,"property graph"
571,"data management"
572,"data processing"
573,"AI"
574,"AI"
575,"data modeling"
576,"AI"
577,"data processing"
578,"AI"
579,"data processing"
580,"data modeling"
581,"mathematical methods"
582,"data processing"
583,"data processing"
584,"property graph"
585,"mathematical methods"
586,"data processing"
587,"AI"
588,"data processing"
589,"NLP"
590,"mathematical methods"
591,"data processing"
592,"mathematical methods"
593,"property graph"
594,"data quality"
595,"mathematical methods"
596,"data processing"
597,"AI"
598,"mathematical methods"
599,"data processing"
600,"AI"
601,"graph processing"
602,"mathematical methods"
603,"mathematical methods"
604,"data management"
605,"AI"
606,"NLP"
607,"data processing"
608,"indexing"
609,"mathematical methods"
610,"AI"
611,"property graph"
612,"mathematical methods"
613,"property graph"
614,"data storage"
615,"mathematical methods"
616,"AI"
617,"data processing"
618,"AI"
619,"data storage"
620,"property graph"
621,"NLP"
622,"data modeling"
623,"AI"
624,"mathematical methods"
625,"data modeling"
626,"data querying"
627,"mathematical methods"
628,"data querying"
629,"NLP"
630,"data processing"
631,"data modeling"
632,"graph processing"
633,"property graph"
634,"AI"
635,"data management"
636,"graph processing"
637,"property graph"
638,"AI"
639,"data processing"
640,"mathematical methods"
641,"AI"
642,"property graph"
643,"mathematical methods"
644,"data modeling"
645,"data processing"
646,"data processing"
648,"property graph"
649,"NLP"
650,"indexing"
651,"AI"
652,"mathematical methods"
653,"NLP"
654,"property graph"
655,"data quality"
656,"property graph"
657,"data processing"
658,"NLP"
659,"data processing"
660,"mathematical methods"
661,"data modeling"
662,"mathematical methods"
663,"NLP"
664,"graph processing"
665,"mathematical methods"
666,"data management"
667,"property graph"
668,"AI"
669,"graph processing"
670,"graph processing"
671,"AI"
672,"mathematical methods"
673,"graph processing"
674,"data management"
675,"AI"
676,"data processing"
677,"mathematical methods"
678,"data modeling"
679,"mathematical methods"
680,"property graph"
681,"mathematical methods"
682,"biology"
683,"data quality"
684,"mathematical methods"
685,"AI"
686,"graph processing"
687,"AI"
688,"graph processing"
689,"graph processing"
690,"mathematical methods"
691,"indexing"
692,"data quality"
693,"mathematical methods"
694,"data processing"
695,"AI"
696,"property graph"
697,"data processing"
698,"data processing"
699,"data management"
700,"data processing"
701,"property graph"
702,"AI"
703,"data processing"
704,"biology"
705,"mathematical methods"
706,"mathematical methods"
707,"graph processing"
708,"data modeling"
709,"AI"
710,"graph processing"
711,"graph processing"
712,"data processing"
713,"NLP"
714,"property graph"
715,"data processing"
716,"mathematical methods"
717,"property graph"
718,"mathematical methods"
719,"data processing"
720,"data quality"
721,"mathematical methods"
722,"AI"
723,"AI"
724,"data management"
725,"data modeling"
726,"mathematical methods"
727,"NLP"
728,"data processing"
729,"data processing"
730,"data processing"
731,"property graph"
732,"NLP"
733,"mathematical methods"
734,"NLP"
735,"property graph"
736,"graph processing"
737,"data modeling"
738,"data processing"
739,"mathematical methods"
740,"data management"
741,"property graph"
742,"graph processing"
743,"data modeling"
744,"data management"
745,"mathematical methods"
746,"graph processing"
747,"data processing"
748,"AI"
749,"data modeling"
750,"mathematical methods"
751,"data storage"
752,"data management"
753,"AI"
754,"NLP"
755,"data management"
756,"mathematical methods"
757,"data processing"
758,"graph processing"
759,"graph processing"
760,"graph processing"
761,"data storage"
762,"mathematical methods"
763,"data management"
764,"graph processing"
765,"mathematical methods"
766,"data processing"
767,"graph processing"
768,"NLP"
769,"graph processing"
770,"AI"
771,"property graph"
772,"mathematical methods"
773,"AI"
774,"data processing"
775,"data management"
776,"data processing"
777,"property graph"
778,"biology"
779,"NLP"
780,"data modeling"
781,"mathematical methods"
782,"AI"
783,"data processing"
784,"data modeling"
785,"mathematical methods"
786,"data processing"
787,"mathematical methods"
799,"data querying"
816,"data processing"
819,"data quality"
820,"data querying"
821,"graph processing"
822,"data management"
823,"data modeling"
825,"mathematical methods"
826,"data modeling"
827,"data quality"
829,"data management"
830,"data management"
831,"data modeling"
28916,"data quality"
28917,"data quality"
28918,"AI"
28919,"biology"
28920,"AI"
28921,"AI"
28922,"NLP"
28923,"biology"
28924,"AI"
28925,"biology"
28926,"data quality"
28927,"AI"
28928,"biology"
28929,"biology"
28930,"data quality"
28931,"data quality"
28932,"biology"
28933,"biology"
28934,"property graph"
28935,"data quality"
28936,"biology"
28937,"biology"
28938,"biology"
28939,"biology"
28940,"AI"
28941,"biology"
28942,"biology"
28943,"biology"
28944,"biology"
28945,"AI"
28946,"biology"
28947,"biology"
28948,"biology"
28949,"biology"
28950,"AI"
28951,"biology"
28952,"biology"
28953,"biology"
28954,"biology"
28955,"biology"
28956,"biology"
28957,"data quality"
28958,"biology"
28959,"biology"
28960,"AI"
28961,"data quality"
28962,"property graph"
28963,"data quality"
28964,"biology"
28965,"biology"
28966,"AI"
28967,"biology"
28968,"NLP"
28969,"data quality"
28970,"AI"
28971,"biology"
28972,"data quality"
28973,"biology"
28974,"NLP"
28975,"AI"
28976,"AI"
28977,"AI"
28978,"mathematical methods"
28979,"AI"
28980,"NLP"
28981,"data management"
28982,"indexing"
28983,"data management"
28984,"biology"
28985,"AI"
28986,"biology"
28987,"biology"
28988,"biology"
28989,"AI"
28990,"biology"
28991,"data quality"
28992,"AI"
28993,"AI"
28994,"data quality"
28995,"biology"
28996,"biology"
28997,"biology"
28998,"data management"
28999,"AI"
29000,"NLP"
29001,"biology"
29002,"data quality"
29003,"data quality"
29004,"AI"
29005,"biology"
29006,"biology"
29007,"AI"
29008,"biology"
29009,"NLP"
29010,"data modeling"
29011,"AI"
29012,"biology"
29013,"AI"
29014,"data quality"
29015,"biology"
29016,"data quality"
29017,"AI"
29018,"biology"
29019,"biology"
29020,"data quality"
29021,"data quality"
29022,"biology"
29023,"data quality"
29024,"biology"
29025,"data storage"
29026,"biology"
29027,"property graph"
29028,"AI"
29029,"AI"
29030,"AI"
29031,"biology"
29032,"AI"
29033,"biology"
29034,"biology"
29035,"property graph"
29036,"AI"
29037,"indexing"
29038,"biology"
29039,"biology"
29040,"data quality"
29041,"data quality"
29042,"biology"
29043,"data quality"
29044,"biology"
29045,"AI"
29046,"data quality"
29047,"biology"
29048,"AI"
29049,"biology"
29050,"biology"
29051,"NLP"
29052,"biology"
29053,"data quality"
29054,"biology"
29055,"data quality"
29056,"data modeling"
29057,"biology"
29058,"data quality"
29059,"data quality"
29060,"data management"
29061,"AI"
29062,"biology"
29063,"NLP"
29064,"biology"
29065,"biology"
29066,"biology"
29067,"NLP"
29068,"AI"
29069,"AI"
29070,"AI"
29071,"biology"
29072,"data quality"
29073,"AI"
29074,"biology"
29075,"biology"
29076,"AI"
29077,"biology"
29078,"biology"
29079,"data quality"
29080,"AI"
29081,"NLP"
29082,"data quality"
29083,"biology"
29084,"biology"
29085,"data quality"
29086,"biology"
29087,"data quality"
29088,"data quality"
29089,"NLP"
29090,"biology"
29091,"biology"
29092,"data quality"
29093,"biology"
29094,"biology"
29095,"AI"
29096,"property graph"
29097,"biology"
29098,"AI"
29099,"AI"
29100,"biology"
29101,"biology"
29102,"AI"
29103,"data quality"
29104,"property graph"
29105,"AI"
29106,"biology"
29107,"AI"
29108,"data quality"
29109,"data quality"
29110,"biology"
29111,"AI"
29112,"data management"
29113,"biology"
29114,"AI"
29115,"biology"
29116,"biology"
29117,"data management"
29118,"biology"
29119,"AI"
817,"AI"
171801,"AI"
171802,"property graph"
171803,"data querying"
171804,"NLP"
171805,"data modeling"
171807,"data processing"
171808,"NLP"
171809,"biology"
171810,"AI"
171811,"NLP"
171812,"data management"
171813,"NLP"
171814,"big data"
171815,"data modeling"
171816,"NLP"
171817,"graph processing"
171819,"indexing"
171820,"NLP"
171821,"NLP"
171823,"mathematical methods"
171824,"NLP"
171826,"NLP"
171827,"data management"
171828,"data management"
171829,"data quality"
171830,"NLP"
171831,"indexing"
171832,"NLP"
171833,"data modeling"
171834,"data processing"
171836,"NLP"
171837,"data querying"
171838,"NLP"
171839,"AI"
171840,"NLP"
171841,"NLP"
171843,"data management"
171844,"data querying"
171846,"AI"
171848,"NLP"
171849,"data management"
171850,"NLP"
171852,"NLP"
171853,"data processing"
171855,"data modeling"
171856,"NLP"
171858,"data modeling"
171860,"NLP"
171861,"mathematical methods"
171863,"NLP"
171864,"NLP"
171866,"property graph"
171867,"mathematical methods"
171868,"NLP"
171869,"NLP"
171870,"NLP"
171873,"data processing"
171874,"property graph"
171875,"NLP"
171876,"mathematical methods"
171878,"data management"
171879,"NLP"
171880,"NLP"
171881,"NLP"
171882,"NLP"
171883,"data management"
171884,"AI"
171885,"data management"
171886,"data processing"
171889,"data processing"
171890,"data storage"
171891,"data modeling"
171892,"data querying"
171894,"biology"
171895,"data querying"
171896,"data modeling"
171897,"NLP"
171898,"data quality"
171899,"data management"
171900,"NLP"
244721,"graph processing"
244723,"graph processing"
244729,"graph processing"
244737,"data processing"
244741,"graph processing"
244743,"data modeling"
244747,"data modeling"
244750,"mathematical methods"
244758,"data processing"
244763,"big data"
244768,"indexing"
244777,"data modeling"
244779,"AI"
244784,"data modeling"
244786,"graph processing"
244788,"property graph"
244791,"graph processing"
244793,"data modeling"
244802,"mathematical methods"
244804,"data modeling"
244810,"NLP"
244811,"graph processing"
244819,"data modeling"
244821,"indexing"
244829,"mathematical methods"
244834,"data processing"
244840,"AI"
244843,"data modeling"
244849,"data modeling"
244852,"AI"
244855,"indexing"
244856,"data modeling"
244857,"data modeling"
244863,"graph processing"
244880,"data modeling"
244881,"data modeling"
244883,"AI"
244885,"data modeling"
244892,"data processing"
244898,"AI"
244905,"graph processing"
244906,"AI"
244909,"AI"
244910,"biology"
244925,"NLP"
244931,"graph processing"
244932,"indexing"
244939,"graph processing"
244942,"data modeling"
244945,"NLP"
244946,"graph processing"
244950,"AI"
244953,"data processing"
244954,"NLP"
244963,"data modeling"
244972,"data modeling"
244981,"data processing"
244988,"data modeling"
244997,"mathematical methods"
245001,"data modeling"
245009,"AI"
245012,"data modeling"
245021,"data modeling"
245028,"data management"
245033,"indexing"
245035,"data modeling"
245044,"data modeling"
245045,"graph processing"
245046,"data modeling"
245054,"mathematical methods"
245055,"AI"
245058,"NLP"
245060,"AI"
245064,"data modeling"
245067,"graph processing"
245074,"indexing"
245076,"graph processing"
245078,"graph processing"
245080,"graph processing"
245086,"data modeling"
245088,"data querying"
245092,"graph processing"
245100,"data quality"
245102,"graph processing"
245111,"mathematical methods"
245119,"biology"
245123,"indexing"
245128,"AI"
245132,"indexing"
245133,"data querying"
245134,"graph processing"
245153,"data querying"
245157,"big data"
245159,"AI"
245160,"property graph"
245161,"data modeling"
245172,"data modeling"
245174,"property graph"
245176,"mathematical methods"
245186,"mathematical methods"
245192,"data modeling"
245193,"property graph"
245200,"data processing"
245214,"data processing"
245215,"graph processing"
245222,"AI"
245224,"mathematical methods"
245234,"AI"
245240,"graph processing"
245245,"data modeling"
245252,"mathematical methods"
245253,"property graph"
245256,"NLP"
245263,"data modeling"
245265,"mathematical methods"
245266,"NLP"
245272,"mathematical methods"
245275,"indexing"
245276,"graph processing"
245278,"indexing"
245280,"data modeling"
245292,"AI"
245295,"graph processing"
245304,"NLP"
245305,"AI"
245307,"AI"
245309,"indexing"
245314,"graph processing"
245322,"data modeling"
245340,"data modeling"
245341,"data modeling"
245345,"indexing"
245346,"data modeling"
245347,"AI"
245354,"data modeling"
245365,"data modeling"
245367,"mathematical methods"
245369,"data processing"
245371,"data modeling"
245376,"AI"
245377,"NLP"
245379,"data modeling"
245380,"graph processing"
245381,"data modeling"
245384,"NLP"
245390,"data processing"
245392,"data modeling"
245393,"graph processing"
245395,"data modeling"
245397,"data modeling"
245398,"data modeling"
245399,"AI"
245400,"mathematical methods"
245401,"data modeling"
245402,"graph processing"
245403,"graph processing"
245404,"AI"
245413,"data modeling"
245425,"data modeling"
245429,"AI"
245431,"data processing"
245438,"mathematical methods"
245445,"data quality"
245448,"biology"
245451,"indexing"
245452,"data modeling"
245481,"graph processing"
245485,"data modeling"
245487,"data modeling"
245490,"big data"
245499,"mathematical methods"
245508,"graph processing"
245509,"data quality"
245513,"NLP"
245517,"indexing"
245519,"NLP"
245524,"AI"
245525,"data processing"
245527,"NLP"
245532,"data modeling"
245542,"data querying"
245549,"AI"
245551,"NLP"
245553,"NLP"
245559,"data modeling"
245568,"data modeling"
245574,"indexing"
245577,"indexing"
245598,"NLP"
245606,"big data"
245611,"mathematical methods"
245615,"data modeling"
245618,"AI"
245622,"graph processing"
245629,"AI"
245634,"data modeling"
245636,"mathematical methods"
245638,"data modeling"
245641,"data modeling"
245645,"AI"
245649,"NLP"
245651,"property graph"
245653,"data modeling"
245654,"NLP"
245656,"graph processing"
245658,"data modeling"
245663,"data processing"
245669,"NLP"
245672,"AI"
245674,"data querying"
245675,"property graph"
245676,"graph processing"
245677,"graph processing"
245684,"graph processing"
245695,"indexing"
245706,"mathematical methods"
245715,"graph processing"
245718,"mathematical methods"
245720,"AI"
245722,"mathematical methods"
245723,"indexing"
245727,"data modeling"
245728,"graph processing"
245731,"data modeling"
245732,"AI"
245745,"AI"
245747,"data modeling"
245749,"data modeling"
245752,"graph processing"
245756,"mathematical methods"
245759,"big data"
245765,"data modeling"
245773,"mathematical methods"
245774,"AI"
245775,"big data"
245783,"data modeling"
245784,"NLP"
245793,"mathematical methods"
245799,"AI"
245806,"AI"
245812,"mathematical methods"
245824,"data modeling"
245825,"data modeling"
245831,"data quality"
245833,"big data"
245845,"big data"
245858,"NLP"
245880,"indexing"
245886,"mathematical methods"
245889,"data modeling"
245891,"NLP"
245892,"graph processing"
245908,"NLP"
245916,"AI"
245917,"AI"
245919,"graph processing"
245921,"data modeling"
245925,"AI"
245959,"NLP"
245960,"graph processing"
245961,"data processing"
245968,"graph processing"
245970,"AI"
245974,"data modeling"
245975,"AI"
245978,"big data"
245984,"data quality"
245990,"graph processing"
245993,"indexing"
246004,"big data"
246008,"data processing"
246009,"data modeling"
246011,"data modeling"
246015,"indexing"
246017,"data modeling"
246022,"data querying"
246024,"data quality"
246036,"data processing"
246042,"mathematical methods"
246044,"data processing"
246049,"indexing"
246054,"graph processing"
246056,"data modeling"
246067,"data modeling"
246071,"NLP"
246078,"NLP"
246084,"data processing"
246086,"AI"
246092,"data processing"
246093,"graph processing"
246100,"data processing"
246102,"AI"
246103,"mathematical methods"
246110,"AI"
246111,"data quality"
246113,"data modeling"
246114,"AI"
246118,"data modeling"
246121,"data modeling"
246129,"data modeling"
246130,"indexing"
246131,"data modeling"
246132,"data modeling"
246133,"data modeling"
246139,"AI"
246141,"data modeling"
246143,"data modeling"
246144,"data querying"
246145,"data modeling"
246154,"AI"
246165,"data modeling"
246170,"data modeling"
246179,"data modeling"
246181,"mathematical methods"
246185,"mathematical methods"
246193,"mathematical methods"
246194,"indexing"
246200,"graph processing"
246201,"data modeling"
246203,"data modeling"
246204,"data modeling"
246205,"AI"
246211,"NLP"
246212,"data modeling"
246215,"data processing"
246223,"NLP"
246227,"data modeling"
246231,"property graph"
246234,"AI"
246237,"NLP"
246241,"mathematical methods"
246242,"AI"
246246,"big data"
246257,"data processing"
246259,"data modeling"
246266,"graph processing"
246269,"NLP"
246273,"data quality"
246278,"AI"
246283,"data modeling"
246293,"NLP"
246296,"indexing"
246298,"NLP"
246299,"AI"
246301,"data modeling"
246302,"graph processing"
246303,"AI"
246305,"biology"
246309,"data modeling"
246320,"AI"
246321,"indexing"
246322,"data processing"
246323,"data modeling"
246324,"biology"
246328,"mathematical methods"
246330,"data modeling"
246335,"NLP"
246338,"graph processing"
246340,"data modeling"
246341,"data modeling"
246343,"mathematical methods"
246354,"data processing"
246358,"AI"
246359,"data processing"
246363,"AI"
246366,"AI"
246371,"NLP"
246374,"mathematical methods"
246376,"data modeling"
246377,"AI"
246378,"indexing"
246379,"data modeling"
246380,"AI"
246381,"AI"
246388,"data quality"
246394,"data modeling"
246399,"mathematical methods"
246413,"NLP"
246415,"data modeling"
246416,"data management"
246423,"data modeling"
246424,"AI"
246426,"graph processing"
246428,"indexing"
246430,"graph processing"
246431,"data modeling"
246432,"NLP"
246439,"big data"
246440,"data processing"
246442,"data modeling"
246446,"indexing"
246466,"big data"
246467,"graph processing"
246473,"mathematical methods"
246474,"AI"
246480,"graph processing"
246482,"mathematical methods"
246484,"indexing"
246486,"property graph"
246491,"data management"
246492,"NLP"
246499,"data querying"
246502,"data processing"
246507,"data modeling"
246509,"graph processing"
246510,"graph processing"
246515,"data modeling"
246518,"data modeling"
246524,"data modeling"
246526,"data modeling"
246530,"data modeling"
246533,"mathematical methods"
246540,"data modeling"
246547,"mathematical methods"
246549,"graph processing"
246552,"mathematical methods"
246563,"mathematical methods"
246565,"data modeling"
246582,"NLP"
246587,"data processing"
246590,"data processing"
246596,"data processing"
246601,"NLP"
246607,"NLP"
246610,"data modeling"
246612,"indexing"
246614,"mathematical methods"
246616,"graph processing"
246618,"data modeling"
246619,"graph processing"
246625,"NLP"
246630,"AI"
246632,"mathematical methods"
246637,"AI"
246643,"AI"
246644,"AI"
246649,"mathematical methods"
246657,"AI"
246659,"data modeling"
246665,"mathematical methods"
246668,"data modeling"
246670,"big data"
246671,"data modeling"
246672,"mathematical methods"
246676,"data modeling"
246677,"data modeling"
246678,"AI"
246687,"graph processing"
246691,"indexing"
246693,"data modeling"
246694,"graph processing"
246699,"data modeling"
246708,"mathematical methods"
246710,"graph processing"
246711,"data modeling"
246713,"graph processing"
246721,"graph processing"
246722,"graph processing"
246723,"data management"
246724,"AI"
246729,"data modeling"
246734,"graph processing"
246740,"NLP"
246741,"mathematical methods"
246743,"data processing"
246745,"data modeling"
246755,"data processing"
246770,"AI"
246781,"NLP"
246782,"data processing"
246783,"data modeling"
246787,"mathematical methods"
246789,"data processing"
246797,"data modeling"
246804,"data quality"
246819,"data modeling"
246822,"data modeling"
246824,"AI"
246837,"graph processing"
246838,"data modeling"
246840,"data processing"
246841,"AI"
246842,"biology"
246843,"mathematical methods"
246847,"data modeling"
246848,"data modeling"
246856,"AI"
246858,"graph processing"
246859,"graph processing"
246860,"data modeling"
246870,"data processing"
246873,"mathematical methods"
246874,"data modeling"
246875,"data processing"
246876,"data modeling"
246882,"data modeling"
246890,"data processing"
246896,"data modeling"
246899,"data processing"
246904,"data processing"
246911,"data processing"
246912,"graph processing"
246918,"data modeling"
246919,"data modeling"
246925,"biology"
246926,"big data"
246936,"NLP"
246941,"graph processing"
246943,"graph processing"
246945,"mathematical methods"
246947,"NLP"
246949,"NLP"
246950,"NLP"
246951,"data modeling"
246953,"AI"
246972,"AI"
246979,"data modeling"
246986,"data modeling"
246988,"data modeling"
246989,"graph processing"
246990,"AI"
246992,"mathematical methods"
246993,"data modeling"
246994,"graph processing"
246997,"indexing"
247000,"data modeling"
247003,"data modeling"
247009,"data modeling"
247014,"data processing"
247019,"data processing"
247020,"data quality"
247027,"data modeling"
247028,"data modeling"
247034,"data modeling"
247041,"data processing"
247046,"mathematical methods"
247047,"data modeling"
247053,"data modeling"
247056,"graph processing"
247067,"data modeling"
247068,"mathematical methods"
247081,"data modeling"
247085,"indexing"
247089,"NLP"
247099,"AI"
247102,"graph processing"
247103,"data processing"
247105,"indexing"
247108,"graph processing"
247112,"data processing"
247121,"graph processing"
247139,"NLP"
247142,"indexing"
247143,"data modeling"
247144,"mathematical methods"
247147,"mathematical methods"
247152,"big data"
247153,"biology"
247159,"data processing"
247164,"graph processing"
247168,"indexing"
247170,"indexing"
247173,"data processing"
247175,"AI"
247183,"mathematical methods"
247184,"data modeling"
247190,"NLP"
247205,"NLP"
247207,"NLP"
247209,"NLP"
247215,"graph processing"
247218,"data quality"
247223,"data quality"
247225,"mathematical methods"
247227,"data modeling"
247234,"graph processing"
247241,"mathematical methods"
247242,"property graph"
247243,"data quality"
247250,"mathematical methods"
247254,"indexing"
247255,"big data"
247259,"data modeling"
247261,"mathematical methods"
247265,"data modeling"
247272,"graph processing"
247279,"data modeling"
247288,"big data"
247290,"data modeling"
247296,"NLP"
247298,"data processing"
247306,"AI"
247308,"data processing"
247319,"data modeling"
247337,"graph processing"
247339,"data modeling"
247344,"NLP"
247347,"NLP"
247352,"AI"
247356,"graph processing"
247358,"graph processing"
247367,"data querying"
247369,"data processing"
247373,"graph processing"
247376,"AI"
247378,"data modeling"
247379,"AI"
247382,"AI"
247388,"data modeling"
247397,"AI"
247398,"data processing"
247402,"mathematical methods"
247405,"big data"
247408,"data processing"
247409,"data processing"
247413,"data modeling"
247416,"big data"
247420,"property graph"
247421,"data processing"
247423,"data quality"
247426,"graph processing"
247431,"data modeling"
247432,"AI"
247440,"mathematical methods"
247455,"data modeling"
247458,"AI"
247462,"graph processing"
247465,"data modeling"
247468,"data querying"
247470,"data modeling"
247471,"graph processing"
247474,"AI"
247485,"data modeling"
247486,"mathematical methods"
247490,"data modeling"
247491,"data modeling"
247493,"NLP"
247494,"graph processing"
247500,"graph processing"
247503,"mathematical methods"
247508,"big data"
247510,"NLP"
247511,"data querying"
247516,"AI"
247517,"data quality"
247518,"graph processing"
247523,"big data"
247524,"AI"
247534,"biology"
247542,"graph processing"
247543,"mathematical methods"
247547,"AI"
247549,"data modeling"
247571,"data modeling"
247580,"AI"
247584,"data processing"
247590,"graph processing"
247593,"mathematical methods"
247595,"data modeling"
247596,"data modeling"
247598,"indexing"
247599,"data modeling"
247605,"mathematical methods"
247614,"indexing"
247622,"data modeling"
247623,"mathematical methods"
247624,"data modeling"
247628,"graph processing"
247636,"NLP"
247658,"data modeling"
247659,"data modeling"
247669,"graph processing"
247672,"big data"
247679,"AI"
247680,"AI"
247685,"mathematical methods"
247698,"graph processing"
247714,"data modeling"
247715,"mathematical methods"
247719,"graph processing"
247727,"AI"
247730,"AI"
247743,"data processing"
247747,"mathematical methods"
247748,"mathematical methods"
247749,"NLP"
247750,"AI"
247756,"data modeling"
247763,"data quality"
247772,"data modeling"
247775,"biology"
247778,"data modeling"
247779,"data modeling"
247783,"indexing"
247785,"data modeling"
247787,"data modeling"
247793,"data modeling"
247796,"mathematical methods"
247802,"mathematical methods"
247805,"mathematical methods"
247809,"indexing"
247816,"AI"
247819,"data modeling"
247829,"AI"
247831,"big data"
247832,"AI"
247836,"indexing"
247837,"NLP"
247846,"data modeling"
247856,"NLP"
247857,"AI"
247864,"big data"
247865,"data modeling"
247866,"AI"
247875,"data modeling"
247876,"data modeling"
247878,"mathematical methods"
247881,"data quality"
247889,"data modeling"
247904,"graph processing"
247906,"NLP"
247908,"data modeling"
247909,"data processing"
247912,"AI"
247918,"NLP"
247924,"data modeling"
247926,"mathematical methods"
247941,"indexing"
247952,"indexing"
247953,"data processing"
247954,"big data"
247956,"indexing"
247959,"data quality"
247967,"data modeling"
247969,"data modeling"
247970,"data processing"
247972,"data modeling"
247975,"graph processing"
247976,"NLP"
247977,"AI"
247979,"mathematical methods"
247981,"mathematical methods"
247983,"data processing"
247984,"data processing"
247986,"AI"
247992,"data modeling"
247993,"mathematical methods"
247997,"data processing"
247998,"AI"
248000,"data modeling"
248004,"NLP"
248018,"graph processing"
248025,"data modeling"
248028,"AI"
248029,"graph processing"
248035,"data modeling"
248047,"data modeling"
248048,"graph processing"
248049,"mathematical methods"
248050,"data modeling"
248051,"data modeling"
248056,"data modeling"
248065,"NLP"
248068,"mathematical methods"
248069,"data modeling"
248070,"data processing"
248075,"data modeling"
248084,"indexing"
248085,"data modeling"
248093,"data processing"
248097,"data modeling"
248099,"data modeling"
248116,"mathematical methods"
248117,"data modeling"
248121,"AI"
248123,"data processing"
248124,"indexing"
248147,"NLP"
248153,"graph processing"
248156,"data processing"
248160,"data processing"
248162,"mathematical methods"
248165,"mathematical methods"
248175,"data processing"
248180,"data modeling"
248186,"data processing"
248194,"NLP"
248195,"indexing"
248202,"mathematical methods"
248208,"mathematical methods"
248209,"data management"
248210,"mathematical methods"
248211,"biology"
248215,"data modeling"
248217,"AI"
248225,"data processing"
248228,"graph processing"
248229,"AI"
248238,"AI"
248240,"data modeling"
248242,"data quality"
248250,"mathematical methods"
248251,"graph processing"
248253,"AI"
248266,"indexing"
248286,"graph processing"
248287,"data modeling"
248291,"AI"
248300,"AI"
248306,"data modeling"
248308,"data modeling"
248322,"AI"
248325,"NLP"
248331,"indexing"
248334,"data modeling"
248335,"mathematical methods"
248336,"indexing"
248339,"mathematical methods"
248345,"property graph"
248352,"mathematical methods"
248364,"indexing"
248384,"data processing"
248385,"mathematical methods"
248391,"data processing"
248395,"data modeling"
248398,"graph processing"
248403,"NLP"
248406,"data processing"
248408,"indexing"
248409,"data modeling"
248415,"property graph"
248416,"data modeling"
248419,"data modeling"
248420,"data modeling"
248423,"data modeling"
248426,"data modeling"
248434,"property graph"
248439,"AI"
248441,"data modeling"
248442,"data processing"
248448,"AI"
248451,"indexing"
248454,"data modeling"
248455,"AI"
248462,"NLP"
248467,"big data"
248474,"data processing"
248476,"NLP"
248477,"data modeling"
248484,"biology"
248489,"biology"
248491,"indexing"
248500,"NLP"
248510,"data modeling"
248513,"indexing"
248514,"AI"
248518,"mathematical methods"
248520,"data modeling"
248522,"data modeling"
248530,"graph processing"
248532,"mathematical methods"
248534,"mathematical methods"
248535,"data storage"
248536,"data processing"
248540,"AI"
248544,"mathematical methods"
248545,"AI"
248547,"big data"
248549,"property graph"
248551,"graph processing"
248555,"AI"
248561,"data modeling"
248576,"mathematical methods"
248577,"graph processing"
248579,"data modeling"
248581,"AI"
248583,"indexing"
248587,"AI"
248591,"graph processing"
248595,"indexing"
248600,"graph processing"
248601,"indexing"
248606,"data modeling"
248607,"data quality"
248610,"AI"
248613,"data modeling"
248615,"property graph"
248621,"data processing"
248624,"data querying"
248628,"AI"
248642,"AI"
248650,"mathematical methods"
248666,"AI"
248673,"data modeling"
248674,"data modeling"
248677,"data processing"
248681,"AI"
248700,"data quality"
248703,"AI"
248704,"data modeling"
248705,"graph processing"
248709,"big data"
248713,"AI"
248721,"graph processing"
248722,"graph processing"
248730,"data modeling"
248732,"data modeling"
248741,"data modeling"
248748,"NLP"
248749,"data modeling"
248751,"AI"
248754,"AI"
248757,"AI"
248760,"indexing"
248761,"AI"
248763,"NLP"
248765,"data modeling"
248768,"mathematical methods"
248773,"data modeling"
